2019-11-19	seo для питона	https://py4you.com/courses/python-for-seo/	1
2019-11-19	py4you	https://py4you.com/	1
2019-11-19	py4you	https://py4you.com.cutestat.com/	12
2019-11-19	python for seo	https://py4you.com/courses/python-for-seo/	15
2019-11-19	питон для seo	https://py4you.com/courses/python-for-seo/	1
2019-11-19	buy essays online	not_found	-
2019-11-19	buy essays online	not_found	-
2019-11-19	питон для seo	https://py4you.com/courses/python-for-seo/	1
2019-11-19	питон для seo	https://py4you.com/courses/python-for-seo/	1
2019-11-19	buy essays online	not_found	-
