URL	TITLE	H1	RESPONSE_TIME	LEVEL
https://www.moyo.ua/	–ò–Ω—Ç–µ—Ä–Ω–µ—Ç-–º–∞–≥–∞–∑–∏–Ω Moyo.ua - –º–∞–≥–∞–∑–∏–Ω —Ç–µ—Ö–Ω–∏–∫–∏, —ç–ª–µ–∫—Ç—Ä–æ–Ω–∏–∫–∏, –∏–Ω—Å—Ç—Ä—É–º–µ–Ω—Ç–æ–≤, –≥–∞–¥–∂–µ—Ç–æ–≤ –≤ –£–∫—Ä–∞–∏–Ω–µ | –ö–∏–µ–≤, –õ—å–≤–æ–≤, –•–∞—Ä—å–∫–æ–≤, –û–¥–µ—Å—Å–∞, –ó–∞–ø–æ—Ä–æ–∂—å–µ, –ß–µ—Ä–∫–∞—Å—Å—ã	–ò–Ω—Ç–µ—Ä–Ω–µ—Ç-–º–∞–≥–∞–∑–∏–Ω	0.43	1
https://www.moyo.ua/gadgets/elektro_transport/giroskutery/	‚û• –ì–ò–†–û–°–ö–£–¢–ï–† ‚Äì –∫—É–ø–∏—Ç—å –º–∏–Ω–∏ —Å–∏–≥–≤–µ–π –≤ –ö–∏–µ–≤–µ –∏ –£–∫—Ä–∞–∏–Ω–µ | ùêåùêéùêòùêé	–ì–∏—Ä–æ—Å–∫—É—Ç–µ—Ä—ã	0.93	2
https://www.moyo.ua/tovary_dlya_doma/posuda_dlya_serviriv/nabory_dlja_specij/	–ù–ê–ë–û–† –î–õ–Ø –°–ü–ï–¶–ò–ô - –∫—É–ø–∏—Ç—å –Ω–∞–±–æ—Ä—ã –¥–ª—è —Å–ø–µ—Ü–∏–π –≤ –ö–∏–µ–≤–µ, –•–∞—Ä—å–∫–æ–≤–µ, –î–Ω–µ–ø—Ä–æ–ø–µ—Ç—Ä–æ–≤—Å–∫–µ, –û–¥–µ—Å—Å–µ, –ó–∞–ø–æ—Ä–æ–∂—å–µ –∏ –£–∫—Ä–∞–∏–Ω–µ	–ù–∞–±–æ—Ä—ã –¥–ª—è —Å–ø–µ—Ü–∏–π	0.61	2
https://www.moyo.ua/instrument/electroinstrument/sverlilnyie_stanki/	–°–í–ï–†–õ–ò–õ–¨–ù–´–ô –°–¢–ê–ù–û–ö - –∫—É–ø–∏—Ç—å —Å–≤–µ—Ä–ª–∏–ª—å–Ω—ã–µ —Å—Ç–∞–Ω–∫–∏ –≤ –ö–∏–µ–≤–µ, –•–∞—Ä—å–∫–æ–≤–µ, –î–Ω–µ–ø—Ä–æ–ø–µ—Ç—Ä–æ–≤—Å–∫–µ, –û–¥–µ—Å—Å–µ, –ó–∞–ø–æ—Ä–æ–∂—å–µ –∏ –£–∫—Ä–∞–∏–Ω–µ	–°–≤–µ—Ä–ª–∏–ª—å–Ω—ã–µ —Å—Ç–∞–Ω–∫–∏	0.89	2
https://www.moyo.ua/bt/klimaticheskaya-tekh/ochistiteli_vozduha/	–û—á–∏—Å—Ç–∏—Ç–µ–ª–∏ –≤–æ–∑–¥—É—Ö–∞ ·êâ –∫—É–ø–∏—Ç—å –≤ –ö–∏–µ–≤–µ, –•–∞—Ä—å–∫–æ–≤–µ, –î–Ω–µ–ø—Ä–µ, –£–∫—Ä–∞–∏–Ω–µ | —Ü–µ–Ω–∞ –∏ –æ—Ç–∑—ã–≤—ã –Ω–∞ MOYO.ua	–û—á–∏—Å—Ç–∏—Ç–µ–ª–∏ –≤–æ–∑–¥—É—Ö–∞	0.56	2
https://www.moyo.ua/acsessor/acsessor_for_comp/power_unit/apple/	–ó–ê–†–Ø–î–ù–û–ï –î–õ–Ø –ú–ê–ö–ë–£–ö–ê - –∫—É–ø–∏—Ç—å –±–ª–æ–∫ –ø–∏—Ç–∞–Ω–∏—è –¥–ª—è –Ω–æ—É—Ç–±—É–∫–∞ Apple –≤ –ö–∏–µ–≤–µ –∏ –£–∫—Ä–∞–∏–Ω–µ | MOYO.ua	–ë–ª–æ–∫–∏ –ø–∏—Ç–∞–Ω–∏—è (–∑–∞—Ä—è–¥–Ω—ã–µ —É—Å—Ç—Ä–æ–π—Å—Ç–≤–∞) –¥–ª—è –Ω–æ—É—Ç–±—É–∫–æ–≤ Apple	0.9	2
https://www.moyo.ua/comp-and-periphery/expendables/kartridgi_k_lazernoj/	·êâ –ö–ê–†–¢–†–ò–î–ñ–ò –ö –õ–ê–ó–ï–†–ù–û–ô –¢–ï–•–ù–ò–ö–ï ‚Äì –∫—É–ø–∏—Ç—å –∫–∞—Ä—Ç—Ä–∏–¥–∂–∏ –∫ –ª–∞–∑–µ—Ä–Ω–æ–π —Ç–µ—Ö–Ω–∏–∫–µ –≤ –ö–∏–µ–≤–µ, –•–∞—Ä—å–∫–æ–≤–µ, –î–Ω–µ–ø—Ä–æ–ø–µ—Ç—Ä–æ–≤—Å–∫–µ, –û–¥–µ—Å—Å–µ, –ó–∞–ø–æ—Ä–æ–∂—å–µ –∏ –£–∫—Ä–∞–∏–Ω–µ | —Ü–µ–Ω–∞	–ö–∞—Ä—Ç—Ä–∏–¥–∂–∏ –∫ –ª–∞–∑–µ—Ä–Ω–æ–π —Ç–µ—Ö–Ω–∏–∫–µ	0.75	2
https://www.moyo.ua/gadgets/roboti/sbor_nab_dl_meyiker/	·êâ –°–¢–ê–†–¢–û–í–´–ï –ù–ê–ë–û–†–´ –î–õ–Ø –ú–ï–ô–ö–ï–†–°–¢–í–ê ‚Äì –∫—É–ø–∏—Ç—å —Å—Ç–∞—Ä—Ç–æ–≤—ã–µ –Ω–∞–±–æ—Ä—ã –¥–ª—è –º–µ–π–∫–µ—Ä—Å—Ç–≤–∞ –≤ –ö–∏–µ–≤–µ, –•–∞—Ä—å–∫–æ–≤–µ, –î–Ω–µ–ø—Ä–æ–ø–µ—Ç—Ä–æ–≤—Å–∫–µ, –û–¥–µ—Å—Å–µ, –ó–∞–ø–æ—Ä–æ–∂—å–µ –∏ –£–∫—Ä–∞–∏–Ω–µ | —Ü–µ–Ω–∞	–°—Ç–∞—Ä—Ç–æ–≤—ã–µ –Ω–∞–±–æ—Ä—ã –¥–ª—è –º–µ–π–∫–µ—Ä—Å—Ç–≤–∞	0.54	2
https://www.moyo.ua/tovary_dlya_doma/osveshhenie/nakal_lamp/	–õ–ê–ú–ü–´ –ù–ê–ö–ê–õ–ò–í–ê–ù–ò–Ø - –∫—É–ø–∏—Ç—å –ª–∞–º–ø—É –Ω–∞–∫–∞–ª–∏–≤–∞–Ω–∏—è –≤ –ö–∏–µ–≤–µ, –•–∞—Ä—å–∫–æ–≤–µ, –î–Ω–µ–ø—Ä–æ–ø–µ—Ç—Ä–æ–≤—Å–∫–µ, –û–¥–µ—Å—Å–µ, –ó–∞–ø–æ—Ä–æ–∂—å–µ –∏ –£–∫—Ä–∞–∏–Ω–µ	–õ–∞–º–ø—ã –Ω–∞–∫–∞–ª–∏–≤–∞–Ω–∏—è	0.82	2
https://www.moyo.ua/telecommunication/service_smart_tab/uslugi_dlya_smart/	·êâ –£–°–õ–£–ì–ò –î–õ–Ø –°–ú–ê–†–¢–§–û–ù–û–í ‚Äì –∫—É–ø–∏—Ç—å —É—Å–ª—É–≥–∏ –¥–ª—è —Å–º–∞—Ä—Ç—Ñ–æ–Ω–æ–≤ –≤ –ö–∏–µ–≤–µ, –•–∞—Ä—å–∫–æ–≤–µ, –î–Ω–µ–ø—Ä–æ–ø–µ—Ç—Ä–æ–≤—Å–∫–µ, –û–¥–µ—Å—Å–µ, –ó–∞–ø–æ—Ä–æ–∂—å–µ –∏ –£–∫—Ä–∞–∏–Ω–µ | —Ü–µ–Ω–∞	–£—Å–ª—É–≥–∏ –¥–ª—è —Å–º–∞—Ä—Ç—Ñ–æ–Ω–æ–≤	0.62	2
https://www.moyo.ua/acsessor/cell_phone_acsessor/cell_phone_bags/samsung/	–ß–µ—Ö–ª—ã –¥–ª—è —Ç–µ–ª–µ—Ñ–æ–Ω–æ–≤ Samsung ‚Äì –∫—É–ø–∏—Ç—å —á–µ—Ö–æ–ª –¥–ª—è —Å–º–∞—Ä—Ç—Ñ–æ–Ω–∞ –°–∞–º—Å—É–Ω–≥ –≤ –ö–∏–µ–≤–µ –∏ –£–∫—Ä–∞–∏–Ω–µ | MOYO.UA	–ß–µ—Ö–ª—ã –¥–ª—è —Ç–µ–ª–µ—Ñ–æ–Ω–æ–≤ Samsung	0.67	2
https://www.moyo.ua/bt/tekhnika-dlya-kuhni/acc_dlya_kuhni/	·êâ –ê–ö–°–ï–°–°–£–ê–†–´ –ö –¢–û–í–ê–†–ê–ú –î–õ–Ø –ö–£–•–ù–ò ‚Äì –∫—É–ø–∏—Ç—å –∞–∫—Å–µ—Å—Å—É–∞—Ä—ã –∫ —Ç–æ–≤–∞—Ä–∞–º –¥–ª—è –∫—É—Ö–Ω–∏ –≤ –ö–∏–µ–≤–µ, –•–∞—Ä—å–∫–æ–≤–µ, –î–Ω–µ–ø—Ä–æ–ø–µ—Ç—Ä–æ–≤—Å–∫–µ, –û–¥–µ—Å—Å–µ, –ó–∞–ø–æ—Ä–æ–∂—å–µ –∏ –£–∫—Ä–∞–∏–Ω–µ | —Ü–µ–Ω–∞	–ê–∫—Å–µ—Å—Å—É–∞—Ä—ã –∫ —Ç–æ–≤–∞—Ä–∞–º –¥–ª—è –∫—É—Ö–Ω–∏	0.78	2
https://www.moyo.ua/instrument/polivnaya_tehnika/shlangi_i_katushki/	–®–õ–ê–ù–ì–ò –ü–û–õ–ò–í–ù–´–ï - –∫—É–ø–∏—Ç—å —à–ª–∞–Ω–≥ –¥–ª—è –ø–æ–ª–∏–≤–∞ –≤ –ö–∏–µ–≤–µ, –•–∞—Ä—å–∫–æ–≤–µ, –î–Ω–µ–ø—Ä–æ–ø–µ—Ç—Ä–æ–≤—Å–∫–µ, –û–¥–µ—Å—Å–µ, –ó–∞–ø–æ—Ä–æ–∂—å–µ –∏ –£–∫—Ä–∞–∏–Ω–µ	–®–ª–∞–Ω–≥–∏ –¥–ª—è –ø–æ–ª–∏–≤–∞	0.61	2
https://www.moyo.ua/game_zone/game?filters=4377_552014&sort=sale-asc	‚â° –ò–ì–†–´ –ü–õ–ê–¢–§–û–†–ú–ê NINTENDO SWITCH ‚Äì –∫—É–ø–∏—Ç—å –∏–≥—Ä—ã –ø–ª–∞—Ç—Ñ–æ—Ä–º–∞ nintendo switch, —Ü–µ–Ω—ã –≤ –ö–∏–µ–≤–µ –∏ –£–∫—Ä–∞–∏–Ω–µ | –û—Ç–∑—ã–≤—ã | MOYO	–ò–≥—Ä—ã- –ü–ª–∞—Ç—Ñ–æ—Ä–º–∞ Nintendo Switch	0.84	2
